modelo,proporcion,grupos,filas,Macro F1 automático
LogisticRegression,0.1,644,2001,0.8348920385117011
LinearSVC,0.1,644,2001,0.8584720085400329
MLP,0.1,644,2001,0.7498405486200477
LogisticRegression,0.25,1610,4995,0.8814147945304001
LinearSVC,0.25,1610,4995,0.9211395176587777
MLP,0.25,1610,4995,0.7738140511918064
LogisticRegression,0.5,3220,9967,0.9096882610346253
LinearSVC,0.5,3220,9967,0.95601399830365
MLP,0.5,3220,9967,0.7876498071434458
LogisticRegression,0.75,4830,15066,0.9272966361811328
LinearSVC,0.75,4830,15066,0.9693242997606404
MLP,0.75,4830,15066,0.77075495704051
LogisticRegression,1.0,6440,19931,0.9353458909727888
LinearSVC,1.0,6440,19931,0.9711147379404246
MLP,1.0,6440,19931,0.7810248082326009
