entrada,variable,caida_Macro_F1,desviacion
0,SVD 1,0.039152601039362724,0.002231910239855588
1,SVD 2,-0.0010542169619771984,0.003079863093208252
2,SVD 3,0.020031754733203583,0.004878179741982084
3,SVD 4,0.01181764777187766,0.004922287165911679
4,SVD 5,-0.0018696887458137246,0.011239896956590624
5,SVD 6,0.0356207575507671,0.011117226981555385
6,SVD 7,0.027989979354459793,0.008156790680316472
7,SVD 8,0.06378855299350494,0.010368524869886674
8,SVD 9,-0.0025952777572242716,0.005349702052495862
9,SVD 10,0.007172999879495563,0.0032394489670981214
10,SVD 11,0.016135460401972113,0.004653631009832654
11,SVD 12,0.0020613056108003494,0.006674359099141289
12,SVD 13,-0.0008246192405754194,0.0035323624210114378
13,SVD 14,-0.0022353081209093664,0.002624953757734514
14,SVD 15,-0.0061292398747728,0.002111427470810513
15,SVD 16,-0.0026686652412715173,0.002733309560950147
16,SVD 17,-0.0012902280213673567,0.0012758135365754434
17,SVD 18,-0.0011295109352797612,0.0032506490500537233
18,SVD 19,-0.0017542258199034395,0.004702577950464631
19,SVD 20,-0.0075583998183735845,0.003418215498595613
20,SVD 21,-0.003584731994735376,0.0009109806919971868
21,SVD 22,-0.008897071987036265,0.002734434504192388
22,SVD 23,-0.00042133015129082924,0.0009177938534582509
23,SVD 24,-0.005338442197179123,0.0009156683026064114
24,SVD 25,-0.006578601910819455,0.009459847327403013
25,SVD 26,-0.005520057367575215,0.00322159370292715
26,SVD 27,-0.004559550853498684,0.005766275065360383
27,SVD 28,-0.0067118240805327245,0.0018606243132895243
28,SVD 29,0.0020861959484429113,0.00041577257667432566
29,SVD 30,0.0013861448101999778,0.00616576267168071
30,SVD 31,0.0003296445741920821,0.001825889468224167
31,SVD 32,-0.0031261356265990616,0.0029522729196426105
32,SVD 33,-0.003656866419885385,0.0033434215746432224
33,SVD 34,-0.0007982353537655899,0.0042798103973759405
34,SVD 35,0.00080206079462386,0.0032756627003808236
35,SVD 36,0.011758670819962772,0.0036425248945835746
36,SVD 37,-0.004220154140622305,0.00663140385350399
37,SVD 38,-0.005987627630907322,0.002250567921907593
38,SVD 39,-0.0014525568989795696,0.002682230490295492
39,SVD 40,-0.007202450977358166,0.004624116280264943
40,SVD 41,-0.006094525675967096,0.004163433447295709
41,SVD 42,-0.0044849295935336375,0.004480654904686911
42,SVD 43,0.027990284352742756,0.004086303717098968
43,SVD 44,-0.007660010149302361,0.0025707358412236448
44,SVD 45,0.0034942508634756933,0.002446160501122024
45,SVD 46,-0.0030868581788462044,0.004369497045960364
46,SVD 47,-0.0025689654330451894,0.002811101167071507
47,SVD 48,-0.002104269078814188,0.0036476738127145677
48,SVD 49,0.0009082822472065525,0.006465042003506706
49,SVD 50,-0.006434631367651174,0.0052800152395906285
50,SVD 51,-0.000520169189342686,0.002945675262752528
51,SVD 52,-0.0027965738531961306,0.0015038124646917892
52,SVD 53,-0.0006465140245754952,0.004114452053711358
53,SVD 54,-0.004192224030301395,0.0016740681436914532
54,SVD 55,-0.0020131076954001217,0.0018485357050923917
55,SVD 56,-0.0027301216705096407,0.001945093935717476
56,SVD 57,-0.009396968515073989,0.0060065683907245876
57,SVD 58,-0.0032725694217638677,0.0020255785869598376
58,SVD 59,-0.0032117270519268124,0.0005579101091306304
59,SVD 60,-0.001262094435376578,0.0018234838014816537
60,SVD 61,-0.0015949407991506792,0.004315523053460241
61,SVD 62,0.0004916590722437256,0.004384998246586209
62,SVD 63,-0.002049455945606978,0.0017855186162425221
63,SVD 64,-0.003318603662379275,0.004791630409167915
64,SVD 65,0.0008303201583184094,0.004426357717550489
65,SVD 66,-0.004943221029569937,0.00029620849221564287
66,SVD 67,-0.00030888242495663576,0.0032398831478503165
67,SVD 68,-0.005679949914105549,0.007068587994542644
68,SVD 69,-0.007683169103712213,0.0053220684082058815
69,SVD 70,-0.0048778281978518745,0.00417621979596101
70,SVD 71,-0.0026597559202293417,0.004920271282388032
71,SVD 72,-0.0056769122780066334,0.0020459902424847377
72,SVD 73,-0.007900702245718224,0.0017079026169756993
73,SVD 74,-0.00341555558613497,0.0035853524322516216
74,SVD 75,-0.0059355978049412395,0.003921644401944281
75,SVD 76,-0.004908633738725003,0.003049739882688291
76,SVD 77,-0.000362561660646928,0.0018871689355764102
77,SVD 78,-0.0017576414531186673,0.0019043138587002415
78,SVD 79,0.00169742253617348,0.0051887273996911
79,SVD 80,-0.0036244798901674904,0.003594536237648833
80,SVD 81,-0.0013781711278207192,0.00413016744209936
81,SVD 82,-0.0029106269754719896,0.0017679374924607066
82,SVD 83,-0.0035483189613394104,0.003526520689242177
83,SVD 84,-0.0012833537122594052,0.006191419126801141
84,SVD 85,-0.01034156308499364,0.0052814697935926
85,SVD 86,-0.005220527018441741,0.006772918334443455
86,SVD 87,-0.0075457733746160756,0.006740753834106977
87,SVD 88,-0.0010727450250480979,0.0016941528811605466
88,SVD 89,0.0006890298897854011,0.0012930784802513903
89,SVD 90,0.003006247745912368,0.007189003419268477
90,SVD 91,0.0017854562772746292,0.0041421096695307075
91,SVD 92,0.0029224924293521637,0.003472446012697791
92,SVD 93,0.002062657093627148,0.0036600156400789672
93,SVD 94,0.0022727954916717343,0.00215712868682214
94,SVD 95,-0.00035373553506934385,0.0019787145150089273
95,SVD 96,-0.0012526031376530744,0.0035493307466912204
96,SVD 97,-0.000545433771066787,0.003475781580786952
97,SVD 98,-0.0037158319926354397,0.001547944336524786
98,SVD 99,-0.002317357709508842,0.0025421536022547054
99,SVD 100,-0.0021375895555959534,0.0010355076600677558
100,SVD 101,-0.004394564626239328,0.004808843542375598
101,SVD 102,-0.002131642538693986,0.0005140848600444124
102,SVD 103,-0.0011035594010053347,0.001263828060339445
103,SVD 104,-0.0027199155080931403,0.001719357358818961
104,SVD 105,-0.010635305110828405,0.002445081909826457
105,SVD 106,-0.0038203803951301074,0.002822987328841992
106,SVD 107,0.0016551351130609238,0.00546421651020263
107,SVD 108,-0.004674724866902014,0.0017400899273107633
108,SVD 109,-0.009647352119942573,0.004420740288567594
109,SVD 110,0.0018843928508976981,0.005413458279734621
110,SVD 111,-0.00598815033353169,0.004495849062289605
111,SVD 112,-0.0013946041374776434,0.003414837849890571
112,SVD 113,-0.010930898411423215,0.004391530655125309
113,SVD 114,-0.0004870889645132899,0.004590040814810009
114,SVD 115,-0.004240703780737524,0.0029215634223723748
115,SVD 116,-0.004101419429436648,0.002662212009605123
116,SVD 117,-0.0054937243668926605,0.0016015361889274566
117,SVD 118,-0.009317828676629558,0.0009413480380034922
118,SVD 119,-0.005828929834694556,0.004089872057070717
119,SVD 120,-0.0001926363273581829,0.001743270820326881
120,SVD 121,-0.003499935682455805,0.005444185082488854
121,SVD 122,-0.0022064585470841593,0.0017834392034419982
122,SVD 123,-0.011645675125689444,0.0007214986307960886
123,SVD 124,-0.0015244803238614324,0.0038784923585497115
124,SVD 125,-0.007441417034509327,0.0029334002388408617
125,SVD 126,0.0001471082338204329,0.004531476400017625
126,SVD 127,0.0012735591784300837,0.0031462255862612365
127,SVD 128,-0.00837525001319143,0.004174414571102666
128,SVD 129,-0.009354418105497605,0.0038600657183006505
129,SVD 130,-0.002766239739127633,0.0013207137351337382
130,SVD 131,-0.005737832174405784,0.002850456934311746
131,SVD 132,-0.006944347842878858,0.004162188354111909
132,SVD 133,0.003615637680128551,0.00694716912562705
133,SVD 134,-0.0003916233765371239,0.004187668435828245
134,SVD 135,-0.006176615601584519,0.0014658572894915504
135,SVD 136,0.0020989004820117416,0.0009007892801827838
136,SVD 137,-0.0014529932953371387,0.0023472741542185987
137,SVD 138,-0.00399715285676161,0.0006715426809335186
138,SVD 139,-0.0026634757934018336,0.006351333115761061
139,SVD 140,-0.0030905262888644147,0.0051959987543280135
140,SVD 141,-0.007988211164705753,0.0013971128216097562
141,SVD 142,-0.003939030388185216,0.0027717667169452993
142,SVD 143,-0.000945696470949331,0.004238273553588166
143,SVD 144,-0.003441983923300492,0.002018237692507898
144,SVD 145,-0.006815103046518482,0.0031186558285631735
145,SVD 146,-0.004122171250918035,0.004396174747054729
146,SVD 147,-0.0037026185509074403,0.0020292063231897284
147,SVD 148,-0.008084178441152131,0.0017725220757522017
148,SVD 149,-0.007651728633676284,0.002459787752506844
149,SVD 150,0.005034568212370989,0.0022210751615403305
150,SVD 151,-0.0033643692342443985,0.0035568568551503812
151,SVD 152,0.0014007467288821296,0.004013856097804825
152,SVD 153,-0.006649466732815894,0.002723294577665684
153,SVD 154,0.00045547537373942976,0.002642529021879636
154,SVD 155,-0.00545429855011977,0.0006683551116900778
155,SVD 156,-0.007078765223907786,0.0040483922730949334
156,SVD 157,-0.001092599448612878,0.001721990814541535
157,SVD 158,-0.010474631763736308,0.003271443164792615
158,SVD 159,-0.006983394422194422,0.006595138187030502
159,SVD 160,-0.010552915534996488,0.003964213468165507
160,SVD 161,-0.011128401798504939,0.002780918934689109
161,SVD 162,-0.0034479111051015643,0.007015863584846444
162,SVD 163,0.0025252738007880047,0.0019306778013648083
163,SVD 164,-0.0057121674231633834,0.004859583127789748
164,SVD 165,-0.0046579203651107015,0.002693562129347992
165,SVD 166,-0.0036972060671973672,0.003957738444613908
166,SVD 167,-0.008184995753814595,0.0006079485969866453
167,SVD 168,-0.00521268689836792,0.005128448432331119
168,SVD 169,-0.004765528490572361,0.0012185342419517393
169,SVD 170,0.002625506258740473,0.0001723133477945525
170,SVD 171,-0.0012079770149544904,0.0031442508884128853
171,SVD 172,-0.0057824088732031,0.001330411974671232
172,SVD 173,-0.0037780892211880523,0.001504567658314916
173,SVD 174,-0.008628391617943784,0.007598950109020351
174,SVD 175,-0.011450993998207334,0.001404689483641496
175,SVD 176,-0.00929476690657268,0.004183722800807489
176,SVD 177,-0.001872136252510222,0.003538631530980224
177,SVD 178,-0.006470492266635097,0.003693103496364128
178,SVD 179,-0.008201838812868179,0.004127659304773817
179,SVD 180,-0.005052553091280942,0.0037164217425065304
180,SVD 181,-0.0032100781691028293,0.001529787055277545
181,SVD 182,-0.0016451313649559207,0.0023027380016164647
182,SVD 183,-0.0042748322780210195,0.0019829377661603103
183,SVD 184,-0.009585352768559208,0.0018781765967117688
184,SVD 185,-0.01260041310445111,0.0026482234606520555
185,SVD 186,-0.007051458536209587,0.002519005719887114
186,SVD 187,-0.003901687543812408,0.0005805427777283551
187,SVD 188,-0.006903030350603505,0.0002903978283612421
188,SVD 189,-0.0023085932709949,0.0034439082152805324
189,SVD 190,-0.007806185984568503,0.004715699866877545
190,SVD 191,0.0009741966796910454,0.0033204234756236653
191,SVD 192,-0.005454680511061978,0.0030861127638933112
192,SVD 193,0.0013250148370653376,0.0024219999573053467
193,SVD 194,-0.0063949754227839994,0.00611879178675413
194,SVD 195,-0.002353823477442137,0.0049715913757655255
195,SVD 196,-0.0006619694565390318,0.002412750133169826
196,SVD 197,-0.0036652798070783144,0.0025908851920331826
197,SVD 198,-0.006591139504174855,0.004405044931282735
198,SVD 199,-0.00012432378895588236,0.004069175735677712
199,SVD 200,-0.008546390965871398,0.002234379917001817
200,SVD 201,-0.006815153293365239,0.004118995635699178
201,SVD 202,-0.011032898692558893,0.0018550727039978857
202,SVD 203,-0.006985632028963851,0.0026022507377605206
203,SVD 204,-0.004746813279299637,0.006328350240134797
204,SVD 205,-0.009566704065229859,0.0016621692247925477
205,SVD 206,-9.849357978034916e-05,0.0012128023709864317
206,SVD 207,-0.00868260363018399,0.0017700834614376357
207,SVD 208,0.0040795168444143215,0.0010210837526300235
208,SVD 209,-0.006125188519496727,0.005657651449710241
209,SVD 210,-0.001212838494088116,0.0027601700241263404
210,SVD 211,-0.0034255129590717117,0.006636348924660453
211,SVD 212,0.00038733632549559083,0.0017784191742068367
212,SVD 213,-0.010382817941250733,0.0024223320846625987
213,SVD 214,-0.012885853003088607,0.0037245738931392263
214,SVD 215,-0.00044513643806346853,0.001778691744874638
215,SVD 216,-0.00911520720414923,0.0038838648937898454
216,SVD 217,-0.002402117382313144,0.005428625193951333
217,SVD 218,-0.00975231863449244,0.005500039178735263
218,SVD 219,-0.008280063635543011,0.003080460447502536
219,SVD 220,0.003344710780114705,0.0067574000156552265
220,SVD 221,-0.0005981399272736443,0.0029707363503647896
221,SVD 222,-0.006208248685740918,0.006037581338690481
222,SVD 223,0.0034766130957985717,0.0019269331676605608
223,SVD 224,-0.003550304430708473,0.0008127660605577187
224,SVD 225,-0.008474395398998155,0.0022219525757174443
225,SVD 226,-0.00032644256442789416,0.0046049015010041165
226,SVD 227,-0.010619673569994936,0.003768331094360691
227,SVD 228,-0.005485291327735009,0.0005913049014028475
228,SVD 229,-0.007883431893639825,0.0011941480910664772
229,SVD 230,-0.005100029002668556,0.0024381809931264126
230,SVD 231,-0.009802198354290859,0.0031430732032055697
231,SVD 232,-0.005730586346212559,0.003788994444993637
232,SVD 233,-0.012990280233804441,0.006296899168576148
233,SVD 234,-0.008086552342402816,0.00324985582500985
234,SVD 235,-0.002864383329093482,0.0024690460132973198
235,SVD 236,-0.005490649113504979,0.003071070562853837
236,SVD 237,0.0005537923114495117,0.0017985551478450223
237,SVD 238,-0.007735325455760796,0.0038417632250302472
238,SVD 239,-0.003304605303876033,0.0015052468674501688
239,SVD 240,-0.0035920482757019942,0.002268483380367743
240,SVD 241,-0.009591910676625348,0.0021509165187019157
241,SVD 242,-0.01372928628002649,0.005384506067402635
242,SVD 243,-0.006364422767790738,0.004705702474466272
243,SVD 244,-0.00844580170502729,0.0031118799019845145
244,SVD 245,-0.008362316564702876,0.00574272133555329
245,SVD 246,-0.0014144604389553228,0.0018771107170652823
246,SVD 247,-0.0031017362188076048,0.0009390993992810349
247,SVD 248,-0.008067936623987712,0.0015548016434348074
248,SVD 249,-0.004698852507150779,0.004677496731944335
249,SVD 250,-0.0013115728990024111,0.0007222880615215385
250,SVD 251,-0.0017419197662842019,0.0006759252753226714
251,SVD 252,-0.003110759263588244,0.0015154265400784237
252,SVD 253,-0.0023111700257099446,0.0026535266205081343
253,SVD 254,-0.0007007929611494804,0.0008029541314708797
254,SVD 255,-0.015059046730936868,0.003210283831480062
255,SVD 256,-0.0021164003017053457,0.0037062037627251443
256,Longitud,0.03465512200239947,0.007339832504305157
