modelo,tema,precision,recall,F1
LogisticRegression,limpieza,0.9655172413793104,0.8484848484848485,0.9032258064516129
LogisticRegression,ruido,0.96,0.96,0.96
LogisticRegression,ubicacion,0.9795918367346939,0.8888888888888888,0.9320388349514563
LogisticRegression,anfitrion,1.0,0.90625,0.9508196721311475
LogisticRegression,precio,0.7777777777777778,0.8484848484848485,0.8115942028985508
LinearSVC,limpieza,1.0,0.9090909090909091,0.9523809523809523
LinearSVC,ruido,1.0,0.96,0.9795918367346939
LinearSVC,ubicacion,0.9791666666666666,0.8703703703703703,0.9215686274509803
LinearSVC,anfitrion,1.0,0.875,0.9333333333333333
LinearSVC,precio,0.8709677419354839,0.8181818181818182,0.84375
MLP,limpieza,0.9545454545454546,0.6363636363636364,0.7636363636363637
MLP,ruido,0.0,0.0,0.0
MLP,ubicacion,1.0,0.8333333333333334,0.9090909090909091
MLP,anfitrion,0.9655172413793104,0.875,0.9180327868852459
MLP,precio,0.9333333333333333,0.42424242424242425,0.5833333333333334
