epoca,Entrenamiento,Validación
1,0.44939470291137695,0.25087350606918335
2,0.19108310341835022,0.18771368265151978
3,0.14024169743061066,0.17821690440177917
4,0.11446782946586609,0.18475143611431122
5,0.09698644280433655,0.18960034847259521
6,0.08295775204896927,0.19143250584602356
7,0.0710524395108223,0.21006466448307037
8,0.06167878210544586,0.22005786001682281
9,0.05458962172269821,0.23018856346607208
10,0.047098804265260696,0.2609667181968689
11,0.04215053841471672,0.2524329423904419
12,0.03789312392473221,0.2884996831417084
13,0.03347167745232582,0.29532039165496826
14,0.030018771067261696,0.3174722194671631
15,0.026529725641012192,0.32030823826789856
16,0.024117998778820038,0.3274412155151367
17,0.022894198074936867,0.33192330598831177
18,0.021109454333782196,0.372689425945282
19,0.01949143409729004,0.37128183245658875
20,0.017868464812636375,0.3928138017654419
21,0.016281669959425926,0.41429853439331055
22,0.014604926109313965,0.4148448705673218
23,0.015661288052797318,0.42536723613739014
24,0.022714916616678238,0.44378548860549927
25,0.02609361708164215,0.41905686259269714
26,0.015242249704897404,0.43637168407440186
27,0.011652718298137188,0.4540823996067047
28,0.008558627218008041,0.43866103887557983
29,0.007017163559794426,0.45774295926094055
30,0.006300892680883408,0.46068868041038513
31,0.006192399188876152,0.48920026421546936
32,0.005844126455485821,0.4834149479866028
33,0.005207991227507591,0.5018351674079895
34,0.005674597341567278,0.5093213319778442
35,0.00525343744084239,0.5247495174407959
36,0.009859748184680939,0.5313555598258972
37,0.018370632082223892,0.5498053431510925
38,0.016684487462043762,0.5251469612121582
39,0.017859414219856262,0.5332560539245605
40,0.014452092349529266,0.5229202508926392
41,0.010311686433851719,0.5642271637916565
42,0.007690257392823696,0.5438786745071411
43,0.003800923004746437,0.5597979426383972
44,0.0027307961136102676,0.566680371761322
45,0.002505861921235919,0.5693483352661133
46,0.002137581817805767,0.57555091381073
47,0.002223973860964179,0.5864937901496887
48,0.0019485543016344309,0.5847653150558472
49,0.0018920919392257929,0.5887048840522766
50,0.0020167899783700705,0.5948370695114136
51,0.002159214811399579,0.5955031514167786
52,0.002780010225251317,0.6067968010902405
53,0.006716791074723005,0.6308756470680237
54,0.01787731796503067,0.6239349842071533
55,0.026818761602044106,0.5976741313934326
56,0.015213263221085072,0.5636876821517944
57,0.010291388258337975,0.5865335464477539
58,0.0035778027959167957,0.5951125621795654
59,0.0019766343757510185,0.5923314690589905
60,0.00161376828327775,0.6033539772033691
61,0.0013737124390900135,0.6049984693527222
62,0.0012266787234693766,0.6136620044708252
63,0.0011617261916399002,0.6119797229766846
64,0.0011460965033620596,0.6132950186729431
65,0.0015645201783627272,0.6186599731445312
66,0.0015846644528210163,0.6255069971084595
67,0.001976876985281706,0.623867928981781
68,0.001413407502695918,0.6437956094741821
69,0.0014710469404235482,0.6284278035163879
70,0.01265428215265274,0.6543048620223999
71,0.03783692419528961,0.5962667465209961
72,0.01983029767870903,0.5716691017150879
73,0.008028770796954632,0.6005102396011353
74,0.0035317118745297194,0.6299165487289429
75,0.0018054168904200196,0.6222957372665405
76,0.0012422025902196765,0.6215657591819763
77,0.0010506665566936135,0.6311323046684265
78,0.0011412336025387049,0.6317379474639893
79,0.0008762361248955131,0.6360057592391968
80,0.0008484569261781871,0.6399944424629211
81,0.0012257349444553256,0.6421839594841003
82,0.0010898216860368848,0.6428640484809875
83,0.0009774771751835942,0.6516119837760925
84,0.0007953319000080228,0.6470992565155029
85,0.0006673196912743151,0.649216890335083
86,0.0006850711652077734,0.6566689014434814
87,0.0009857495315372944,0.6626675724983215
88,0.0014777227770537138,0.6647356748580933
89,0.020356373861432076,0.6545617580413818
90,0.03503284603357315,0.6411124467849731
91,0.020441481843590736,0.6387423872947693
92,0.004950765985995531,0.6176217794418335
93,0.002705093240365386,0.6258148550987244
94,0.0018019985873252153,0.6324504613876343
95,0.001292939530685544,0.6456138491630554
96,0.001161605236120522,0.6432064175605774
97,0.0011606417829170823,0.6470335125923157
98,0.0010385015048086643,0.6531108617782593
99,0.0009871161310002208,0.651061475276947
100,0.0009734188206493855,0.6534109711647034
