modelo,tema,termino,coeficiente
LogisticRegression,limpieza,limpi,40.836418501052826
LogisticRegression,limpieza,cle,23.995831865994436
LogisticRegression,limpieza,limpiez,20.190560088156364
LogisticRegression,limpieza,limpez,15.936192982137385
LogisticRegression,limpieza,higien,10.571146022117093
LogisticRegression,limpieza,suci,10.476045515126215
LogisticRegression,limpieza,ase,10.154514942590595
LogisticRegression,limpieza,limpinh,8.453366081701802
LogisticRegression,ruido,ruid,25.491158821405385
LogisticRegression,ruido,silenci,24.023614011904293
LogisticRegression,ruido,quiet,21.11567464103779
LogisticRegression,ruido,ruidos,17.367746677525787
LogisticRegression,ruido,barulh,12.961514372438247
LogisticRegression,ruido,nois,11.73002981155317
LogisticRegression,ruido,bull,10.709327726279176
LogisticRegression,ruido,noisy,10.509958089719365
LogisticRegression,ubicacion,ubic,34.80826651013475
LogisticRegression,ubicacion,localizaca,19.564692774577807
LogisticRegression,ubicacion,location,17.690946727937103
LogisticRegression,ubicacion,cerc,17.670627830383204
LogisticRegression,ubicacion,metr,16.52815262947556
LogisticRegression,ubicacion,zon,14.316531077708321
LogisticRegression,ubicacion,centric,14.082681680103574
LogisticRegression,ubicacion,localiz,13.832971298542024
LogisticRegression,anfitrion,anfitrion,26.90042559771154
LogisticRegression,anfitrion,amabl,22.210098938930773
LogisticRegression,anfitrion,atent,22.019887755123698
LogisticRegression,anfitrion,host,17.882216660403376
LogisticRegression,anfitrion,comun,17.315427319029236
LogisticRegression,anfitrion,respond,14.112726347561505
LogisticRegression,anfitrion,anfitria,14.042141373824606
LogisticRegression,anfitrion,anfitri,13.301249378255575
LogisticRegression,precio,preci,24.43957190103215
LogisticRegression,precio,precios,23.049814289649166
LogisticRegression,precio,feel,15.995888580086412
LogisticRegression,precio,cost,14.350304523531907
LogisticRegression,precio,prec,12.885173815660592
LogisticRegression,precio,valu,12.715894541189437
LogisticRegression,precio,pric,12.50380547701805
LogisticRegression,precio,car,12.208449622269862
LinearSVC,limpieza,limpi,18.78904872347608
LinearSVC,limpieza,cle,12.941284602308938
LinearSVC,limpieza,limpiez,10.180032286261868
LinearSVC,limpieza,limpez,9.378057994552119
LinearSVC,limpieza,higien,6.481658965915696
LinearSVC,limpieza,suci,6.085827411478649
LinearSVC,limpieza,limpinh,5.740781669372715
LinearSVC,limpieza,spotless,5.645439987487169
LinearSVC,ruido,ruid,9.915651490357874
LinearSVC,ruido,quiet,9.808127640553167
LinearSVC,ruido,silenci,9.679718918287547
LinearSVC,ruido,ruidos,7.323388060551564
LinearSVC,ruido,barulh,7.1616720887443694
LinearSVC,ruido,nois,6.375676595986613
LinearSVC,ruido,noisy,5.7725220781774045
LinearSVC,ruido,bull,4.735804890894956
LinearSVC,ubicacion,ubic,17.76622148766695
LinearSVC,ubicacion,localizaca,11.767809430625162
LinearSVC,ubicacion,cerc,10.718906131482386
LinearSVC,ubicacion,location,10.705396672460914
LinearSVC,ubicacion,metr,10.155292514831013
LinearSVC,ubicacion,localiz,8.875021676435876
LinearSVC,ubicacion,zon,7.9946039315784745
LinearSVC,ubicacion,cercan,7.981210799923946
LinearSVC,anfitrion,anfitrion,14.539350841293425
LinearSVC,anfitrion,atent,12.350079303344488
LinearSVC,anfitrion,amabl,12.044106649251123
LinearSVC,anfitrion,host,11.109111375949832
LinearSVC,anfitrion,anfitria,9.361064284652615
LinearSVC,anfitrion,respond,9.308801012997975
LinearSVC,anfitrion,anfitri,9.100836196753672
LinearSVC,anfitrion,comun,8.363376229259629
LinearSVC,precio,preci,10.47995168852572
LinearSVC,precio,precios,9.056915386914282
LinearSVC,precio,feel,8.600721512450646
LinearSVC,precio,valu,6.3449792307449835
LinearSVC,precio,prec,6.264370725247068
LinearSVC,precio,pric,6.100292867537434
LinearSVC,precio,cost,5.811591970623033
LinearSVC,precio,barat,5.612412960227707
